signal_type,family,subject,availability,required_input,proposed_trigger,opportunity_or_action,suppression_or_limit
historical_anniversary,career,moment,implemented,"Verified exact-day occurrence and athlete association with complete source evidence","Existing v1 rule: anniversary within 0-30 UTC days","Anniversary retrospective review","Year-only or conflicting occurrence; missing/future evidence; no asset rights inferred"
career_milestone,career,moment,implemented,"Explicit reviewed career statistic threshold and exact occurrence evidence","Existing v1 rule: reviewed threshold met within past 30 UTC days","Milestone retrospective review","No inferred first crossing or record; ambiguous assertions suppressed"
locker_discovery_spike,engagement,athlete,first_wave,"Eligible deduplicated sessions; two comparable seven-day windows; coverage","Baseline >=20; current >=40; increase >=20 and >=100%","Athlete redistribution or review brief","Incomplete coverage; measurement-version change; baseline zero; bot/test traffic"
moment_rediscovery,engagement,moment,first_wave,"Verified athlete-Moment context and eligible Moment opens/sessions","Same proposed volume and growth gates as Locker spike","Resurface career story","Recent fetch alone is not renewed audience activity"
asset_engagement_spike,engagement,asset,first_wave,"Resolved asset model/ID; eligible exposure/open events; comparable coverage","Volume-qualified increase across equal windows","Review useful media or license intent","No playback or commercial clearance inferred from selection"
athlete_distribution_growth,discovery,athlete,first_wave,"Trusted signed link issuer; observed eligible clicked-link sessions","Qualified sessions grow >=100% with baseline >=20 and current >=40","Return distribution insight to athlete","Copy intent alone insufficient; distributor differs from subject"
licensing_intent_cluster,intent,athlete,first_wave,"Validated explicit licensing requests with asset/use context","At least 3 distinct eligible sessions requesting compatible use in 7 days","Licensing brief for human review","Browser click does not establish purchase or buyer identity"
measurement_coverage_failure,quality,athlete,first_wave,"Expected observation cadence; collector delivery watermark; feature lag","No expected acknowledgment beyond configured cadence or coverage incomplete","Repair measurement before ranking","No inference of reduced athlete demand or missing media"
print_intent_cluster,intent,asset,next_wave,"Explicit print requests; resolved asset and declared format","At least 3 distinct eligible sessions in 7 days","Review career-poster/POD demand","Requires custom use permission and vendor economics before fulfillment"
media_high_open_rate,engagement,asset,next_wave,"Matched exposure episodes and open actions with eligibility","At least 100 eligible exposures and rate above comparable cohort threshold","Prioritize asset in a curated brief","Unmatched opens excluded from rate; no monetized reach claim"
video_completion_strength,engagement,asset,next_wave,"Actual playback callbacks; eligible starts; duration/autoplay cohorts","At least 30 starts and completion above versioned cohort baseline","Consider clip/story package","External embeds without callbacks remain unknown"
share_intent_strength,engagement,moment,next_wave,"Deduplicated share/copy intents and eligible sessions","At least 30 sessions and >=10% share-intent rate","Suggest athlete distribution review","Intent is not confirmed posting or downstream reach"
returning_audience_growth,engagement,athlete,later,"Consent-permitted visitor continuity and known identity basis","Returning measured-visitor fraction above comparable baseline","Review sustained-interest story","Current tab-session identity cannot compute this"
attention_decline,engagement,athlete,next_wave,"Complete comparable windows; instrumentation stability","Baseline >=40 and measured decline >=50%","Review distribution/content context","Coverage loss or off-season seasonality must be separated"
professional_intent_density,intent,athlete,later,"Verified voluntary organization/role context and scoped permissions","Intent per eligible professional session exceeds cohort baseline","Organization licensing or activation review","No brand/agent classification from IP/referrer guesses"
related_athlete_traversal,discovery,athlete,next_wave,"Trusted from-player/to-player navigation and eligible session","Repeated volume-qualified traversal along reviewed relation","Collective story or career connection review","Audience navigation does not establish teammate contribution"
moment_path_concentration,discovery,moment,next_wave,"Session path with actual Locker-Moment-asset opens","At least 30 sessions and large share routes through one Moment","Prioritize Moment brief","Do not sum multi-node visits as unique audience"
channel_shift,discovery,athlete,next_wave,"Known channel labels and equal-window eligible sessions","At least 40 known-channel sessions with >=20 percentage-point share shift","Adapt distribution recommendation","Unknown/referrer-stripped traffic remains unknown"
organization_distribution_growth,discovery,athlete,next_wave,"Signed organization-issued links and authorized scope","Volume-qualified growth of organization-driven sessions","Review alumni/team activation","Organization link does not grant media or athlete permission"
cross_athlete_discovery,discovery,moment,later,"Reviewed multi-athlete links; distinct session path and overlap handling","Sustained observed co-discovery above stated baseline","Collective Moment retrospective","No automatic teammate allocations or aggregate reach multiplication"
graph_search_demand,discovery,athlete,later,"Authorized search-result engagement with normalized subject IDs","Volume-qualified result-click growth","Review missing career coverage","Avoid raw search terms carrying sensitive information"
external_search_visibility,external,athlete,later,"Authorized search analytics provider and coverage/window metadata","Comparable reported visibility rises above chosen minimum","Search-discovery brief","No public-web result count masquerading as first-party demand"
verified_news_coverage,external,athlete,next_wave,"Reviewed identity match; publication time; deduplicated source references","New eligible publications inside declared recency window","Story contextualization","Fetch date is not publication date; identity homonyms suppressed"
external_social_activity,external,athlete,later,"Permitted provider observations; actual post/time/metric coverage","Comparable post/audience metrics exceed versioned baseline","Review social distribution context","No scraped unverifiable reach; no inferred private attributes"
upcoming_rivalry_match,career,moment,next_wave,"Verified future event and historical opponent/affiliation mapping","Relevant opponent event in next 7 days","Rivalry-week alumni retrospective","School text alone insufficient; schedule source and timezone required"
career_transition,career,athlete,next_wave,"Reviewed dated status/affiliation change with precision","New verified transition since last accepted revision","Career continuity or introduction brief","No retirement date inferred from old publication"
award_or_honor,career,athlete,next_wave,"Reviewed official honor/nomination and publication/occurrence dates","New qualifying honor or anniversary under defined rule","Honor retrospective or career update","Nomination differs from award won; year-only precision retained"
performance_deviation,performance,moment,later,"Comparable sport/stat/unit/competition/phase baseline and sample","Stat exceeds defined comparable baseline with reviewed event link","Breakout story review","No PFF-style grading; mixed stat semantics or sparse sample suppressed"
reviewed_record_attainment,performance,moment,later,"Official record scope/holder/threshold and reviewed comparison evidence","Explicitly verified record attainment","Record retrospective","Impressive performance alone is not a record"
archive_supply_gap,media,moment,next_wave,"Reviewed missing-asset assertion or complete scoped archive inventory","Qualified demand but no suitable assets within known covered inventory","Archive recovery request","Empty/failed query is not proof assets do not exist"
new_reviewed_asset_link,media,moment,next_wave,"Reviewed canonical asset association and evidence revision","New verified link since last accepted graph revision","Revisit blocked opportunity","Discovery match alone does not grant use rights"
rights_use_ready,rights,asset,next_wave,"Centralized decision for intended use/territory/term; required approvals","All use-specific prerequisites become satisfied","Re-review opportunity readiness","Generic approved flag cannot grant every use"
rights_expiring,rights,asset,next_wave,"Authoritative permission end date and linked scheduled/live uses","Permission expires within 14 days of a relevant planned/live use","Renew or pause activation","Priority cannot override expiry; prompt synchronous enforcement"
rights_revoked,rights,asset,next_wave,"Authoritative withdrawal/revocation and affected associations","New revocation event","Block publication and governance review","Enforce immediately; do not wait for analytics refresh"
source_attribution_gap,quality,asset,next_wave,"Required credit/provenance contract and actual source metadata","Required credit missing or inconsistent","Correct attribution before use","Unknown creator is not inferred from current uploader"
identity_mapping_conflict,quality,athlete,next_wave,"Competing reviewed mappings and canonical context","Contradictory identity evidence","Human identity review","No automatic merge or independent athletes table"
occurrence_date_conflict,quality,moment,next_wave,"Reviewed occurrence assertions and date precision","More than one incompatible verified occurrence date","Resolve evidence conflict","Suppress date-dependent recommendations"
career_completeness_gap,quality,athlete,next_wave,"Explicit expected career span and reviewed coverage matrix","Missing relationship inside known required coverage","Career recovery task","Sparse dataset alone cannot establish complete history"
confirmed_partner_conversion,commerce,athlete,commercial_wave,"Authenticated provider order-line confirmation and eligible touch policy","New accepted confirmed order line","Update attributable outcome report","Browser success screen or outbound click insufficient"
commission_settlement,commerce,athlete,commercial_wave,"Actually received commission and explicit participant agreement","New reconciled settlement with valid allocation basis","Accrue agreed distribution compensation","Appearance or estimated value creates no entitlement"
refund_or_chargeback,commerce,athlete,commercial_wave,"Authenticated provider reversal linked to original transaction","New eligible reversal","Reverse once and reconcile allocations","No duplicate reversal; respect agreement and paid-amount handling"
merchandise_demand,intent,athlete,next_wave,"Authorized SKU-player mapping and distinct product-click sessions","At least 3 distinct eligible sessions in 7 days","Merchant referral review","Click is not sale; vendor commission terms required"
trading_card_demand,intent,athlete,next_wave,"Authorized card/SKU-player mapping and explicit interest","At least 3 distinct eligible sessions in 7 days","Licensed trading-card partner review","No assumed card/league/publicity rights"
speaking_or_camp_media_need,intent,athlete,next_wave,"Athlete-declared date and intended use; relevant asset context","Upcoming request with defined usage need","Curated use-specific media pack","No personal-calendar scraping or blanket subscription clearance"
activation_performance_change,activation,activation,commercial_wave,"Recorded activation; observed metrics/window; declared measurement goal","Goal delta or volume-qualified rate change","Review activation outcome","No fictional release date or future measured reach"
activation_ready,activation,activation,commercial_wave,"Approved revision; all use and stakeholder approvals; release plan","Complete prerequisites before scheduled release","Human release review via authorized integration","Substantive edit or expired/revoked permission invalidates readiness"
